{
  "controller/Main.controller.js": 1755094152863,
  "controller/BaseController.js": 1755092029779,
  "i18n/i18n.properties": 1755088413635,
  "model/models.js": 1755088394407,
  "controller/App.controller.js": 1755088394411,
  "manifest.json": 1755089206174,
  "Component.js": 1755088394403,
  "Component-dbg.js": 1755088394403,
  "Component.js.map": 1755094180533,
  "controller/Main-dbg.controller.js": 1755094152863,
  "controller/Main.controller.js.map": 1755094180578,
  "model/models-dbg.js": 1755088394407,
  "model/models.js.map": 1755094180527,
  "controller/App-dbg.controller.js": 1755088394411,
  "controller/App.controller.js.map": 1755094180530,
  "controller/BaseController-dbg.js": 1755092029779,
  "controller/BaseController.js.map": 1755094180570,
  "Component-preload.js": 1755094180806,
  "Component-preload.js.map": 1755094180806,
  "view/Main.view.xml": 1755093315800,
  "view/App.view.xml": 1755088394415,
  "css/style.css": 1755091246189,
  "index.html": 1755088394403
}