{
  "Component-preload.js.map": 1756704737199,
  "controller/BaseController.js": 1756466222485,
  "controller/Main.controller.js": 1756464881628,
  "model/models.js": 1755088394407,
  "controller/App.controller.js": 1755088394411,
  "manifest.json": 1756455791454,
  "Component.js": 1755088394403,
  "model/models-dbg.js": 1755088394407,
  "model/models.js.map": 1756704736964,
  "controller/Main-dbg.controller.js": 1756464881628,
  "controller/Main.controller.js.map": 1756704736969,
  "controller/BaseController-dbg.js": 1756466222485,
  "controller/BaseController.js.map": 1756704736976,
  "controller/App-dbg.controller.js": 1755088394411,
  "controller/App.controller.js.map": 1756704736963,
  "Component-dbg.js": 1755088394403,
  "Component.js.map": 1756704736966,
  "Component-preload.js": 1756704737199,
  "i18n/i18n.properties": 1755088413635,
  "view/Main.view.xml": 1756463279028,
  "view/App.view.xml": 1755088394415,
  "css/style.css": 1755842707827,
  "index.html": 1755842707827
}