{
  "controller/Main.controller.js": 1756453773268,
  "manifest.json": 1756454230062,
  "i18n/i18n.properties": 1756452675808,
  "controller/BaseController.js": 1756454122366,
  "controller/App.controller.js": 1756452656220,
  "model/models.js": 1756452656220,
  "Component.js": 1756452656208,
  "controller/BaseController-dbg.js": 1756454122366,
  "controller/BaseController.js.map": 1756704740075,
  "controller/Main-dbg.controller.js": 1756453773268,
  "controller/Main.controller.js.map": 1756704740085,
  "controller/App-dbg.controller.js": 1756452656220,
  "controller/App.controller.js.map": 1756704740062,
  "model/models-dbg.js": 1756452656220,
  "model/models.js.map": 1756704740062,
  "Component-dbg.js": 1756452656208,
  "Component.js.map": 1756704740065,
  "Component-preload.js": 1756704740324,
  "Component-preload.js.map": 1756704740324,
  "view/Main.view.xml": 1756453975357,
  "view/App.view.xml": 1756452656224,
  "css/style.css": 1756453863497,
  "index.html": 1756452656212
}